method,metric,n_target_in_top5,mean_target_in_top5,median_target_in_top5,n_target_not_in_top5,mean_target_not_in_top5,median_target_not_in_top5,mean_difference_in_minus_out
bm25,faithfulness,37,0.9599713349713349,1.0,3,0.6666666666666666,1.0,0.2933046683046683
bm25,answer_relevancy,37,0.8834471775273325,0.8876345338420211,3,0.32772439093688394,0.0,0.5557227865904486
bm25,answer_accuracy,37,0.8175675675675675,0.75,3,0.3333333333333333,0.0,0.48423423423423423
e5,faithfulness,38,0.9780787195260879,1.0,2,0.75,0.75,0.22807871952608794
e5,answer_relevancy,38,0.8890635064013003,0.8969610439676476,2,0.0,0.0,0.8890635064013003
e5,answer_accuracy,38,0.8355263157894737,0.75,2,0.0,0.0,0.8355263157894737
hybrid_rrf,faithfulness,37,0.961838461838462,1.0,3,1.0,1.0,-0.038161538161538
hybrid_rrf,answer_relevancy,37,0.8870118986985915,0.8864885393337972,3,0.32772439093688394,0.0,0.5592875077617077
hybrid_rrf,answer_accuracy,37,0.831081081081081,0.75,3,0.3333333333333333,0.0,0.4977477477477477
