stratum,level,method,n_queries,hit_at1,hit_at3,hit_at5,mrr_at5,faithfulness_mean,faithfulness_median,faithfulness_std,answer_relevancy_mean,answer_relevancy_median,answer_relevancy_std,answer_accuracy_mean,answer_accuracy_median,answer_accuracy_std
domain,product_ac,bm25,12,0.9166666666666666,1.0,1.0,0.9444444444444445,0.9765151515151516,1.0,0.0425445951268241,0.8531550332592989,0.8072059110594128,0.08111649935133293,0.8125,0.75,0.11306675421666136
domain,product_ac,e5,12,0.5833333333333334,1.0,1.0,0.763888888888889,0.9765151515151516,1.0,0.04254459512682409,0.8600817777980678,0.8523887451477339,0.09243186348735644,0.8333333333333334,0.75,0.12309149097933272
domain,product_ac,hybrid_rrf,12,0.8333333333333334,1.0,1.0,0.9166666666666666,0.9657407407407407,1.0,0.050687381316913395,0.8666082211499142,0.853037949521426,0.08412824988241069,0.8541666666666666,0.75,0.12873216263610932
domain,service_ac,bm25,16,0.625,0.75,0.8125,0.6927083333333333,0.8890625,1.0,0.25314171755494325,0.7929343813127268,0.8953161009040215,0.3152362212092484,0.765625,0.75,0.3223449239556907
domain,service_ac,e5,16,0.6875,0.8125,0.9375,0.7677083333333333,0.9796875,1.0,0.05716842805838434,0.846729775449226,0.900425266337358,0.2350539453381602,0.8125,0.75,0.25
domain,service_ac,hybrid_rrf,16,0.625,0.8125,0.8125,0.7083333333333333,0.9515827922077922,1.0,0.08886634096164656,0.7916681199368435,0.8839278670089459,0.31389886400304895,0.75,0.75,0.31622776601683794
domain,cctv,bm25,12,0.8333333333333334,0.9166666666666666,1.0,0.8916666666666666,0.9646464646464646,1.0,0.056799660280846646,0.8954923534338951,0.8880099283565286,0.0681550515892301,0.7708333333333334,0.75,0.12873216263610932
domain,cctv,e5,12,0.6666666666666666,0.9166666666666666,0.9166666666666666,0.7916666666666666,0.939484126984127,1.0,0.1456666671383899,0.8263129585404149,0.8944799582378417,0.2692442228586378,0.7291666666666666,0.75,0.2490512299739055
domain,cctv,hybrid_rrf,12,0.75,0.9166666666666666,1.0,0.85,0.9811507936507936,1.0,0.045814940744667215,0.8947187376558395,0.8934605822764082,0.07158056544179489,0.7916666666666666,0.75,0.09731236802019036
