metric,method_a,method_b,rate_method_a,rate_method_b,a_success_b_fail,a_fail_b_success,discordant,exact_p_value,holm_p,significant_holm
hit_at1,bm25,e5,0.775,0.65,8,3,11,0.2265625,0.6796875,False
hit_at1,bm25,hybrid_rrf,0.775,0.725,4,2,6,0.6875,0.90625,False
hit_at1,e5,hybrid_rrf,0.65,0.725,2,5,7,0.453125,0.90625,False
hit_at3,bm25,e5,0.875,0.9,3,4,7,1.0,1.0,False
hit_at3,bm25,hybrid_rrf,0.875,0.9,1,2,3,1.0,1.0,False
hit_at3,e5,hybrid_rrf,0.9,0.9,2,2,4,1.0,1.0,False
hit_at5,bm25,e5,0.925,0.95,1,2,3,1.0,1.0,False
hit_at5,bm25,hybrid_rrf,0.925,0.925,0,0,0,1.0,1.0,False
hit_at5,e5,hybrid_rrf,0.95,0.925,2,1,3,1.0,1.0,False
