metric,method_a,method_b,n_total,n_nonzero,wins_method_a,wins_method_b,ties,mean_method_a,mean_method_b,mean_difference_a_minus_b,median_difference_a_minus_b,wilcoxon_statistic,raw_p_value,holm_adjusted_p,alpha,significant_raw,significant_holm,friedman_omnibus_significant,rank_biserial,w_plus,w_minus
faithfulness,bm25,e5,40,11,5,6,29,0.9379734848484848,0.9666747835497838,-0.028701298701298693,0.0,24.0,0.4231377320080498,1.0,0.05,False,False,False,-0.2727272727272727,24.0,42.0
faithfulness,bm25,hybrid_rrf,40,16,8,8,24,0.9379734848484848,0.9647005772005773,-0.026727092352092353,0.0,58.0,0.6049742539523995,1.0,0.05,False,False,False,-0.14705882352941177,58.0,78.0
faithfulness,e5,hybrid_rrf,40,12,7,5,28,0.9666747835497838,0.9647005772005773,0.001974206349206348,0.0,30.5,0.5045751803501988,1.0,0.05,False,False,False,0.21794871794871795,47.5,30.5
answer_relevancy,bm25,e5,40,35,18,17,5,0.8417679685330489,0.8446103310812353,-0.0028423625481864083,0.0,293.0,0.7185920334210805,1.0,0.05,False,False,False,-0.06984126984126984,293.0,337.0
answer_relevancy,bm25,hybrid_rrf,40,32,14,18,8,0.8417679685330489,0.8450653356164635,-0.0032973670834146236,0.0,237.0,0.6136491807261935,1.0,0.05,False,False,False,-0.10227272727272728,237.0,291.0
answer_relevancy,e5,hybrid_rrf,40,33,20,13,7,0.8446103310812353,0.8450653356164635,-0.00045500453522821506,0.00011847999867453662,215.0,0.24186304086187638,0.7255891225856291,0.05,False,False,False,0.23351158645276293,346.0,215.0
answer_accuracy,bm25,e5,40,10,4,6,30,0.78125,0.79375,-0.0125,0.0,23.0,0.626748166984805,1.0,0.05,False,False,False,-0.16363636363636364,23.0,32.0
answer_accuracy,bm25,hybrid_rrf,40,8,3,5,32,0.78125,0.79375,-0.0125,0.0,13.5,0.47950012218695337,1.0,0.05,False,False,False,-0.25,13.5,22.5
answer_accuracy,e5,hybrid_rrf,40,6,3,3,34,0.79375,0.79375,0.0,0.0,10.5,1.0,1.0,0.05,False,False,False,0.0,10.5,10.5
