metric,method,n,mean,median,std_sample,standard_error,min,q1,q3,iqr,max,ci95_mean_low,ci95_mean_high
faithfulness,bm25,40,0.9379734848484848,1.0,0.16650626132666238,0.02632695152357313,0.0,0.9090909090909091,1.0,0.09090909090909094,1.0,0.8847221990495054,0.9912247706474641
faithfulness,e5,40,0.9666747835497838,1.0,0.08988364719236128,0.014211852476543016,0.5,1.0,1.0,0.0,1.0,0.9379285985885782,0.9954209685109893
faithfulness,hybrid_rrf,40,0.9647005772005773,1.0,0.06714361401716881,0.010616337531473069,0.75,0.9791666666666666,1.0,0.02083333333333337,1.0,0.9432270076716213,0.9861741467295334
answer_relevancy,bm25,40,0.8417679685330489,0.886901987405659,0.20806990352513613,0.03289874038354639,0.0,0.8093878647146205,0.9188681318903442,0.10948026717572368,0.9999999999999994,0.7752239850786029,0.9083119519874949
answer_relevancy,e5,40,0.8446103310812353,0.893316101558741,0.21043996983711366,0.033273480771120606,0.0,0.8300866673650541,0.9445405594055872,0.11445389204053313,0.9989860973008252,0.7773083636474719,0.9119122985149987
answer_relevancy,hybrid_rrf,40,0.8450653356164635,0.8862445550432204,0.20834987014434347,0.03294300699282201,0.0,0.8200587118977865,0.9235315658314902,0.10347285393370376,0.9989860973008252,0.7784318144933748,0.9116988567395521
answer_accuracy,bm25,40,0.78125,0.75,0.22063065203045704,0.03488476910321488,0.0,0.75,1.0,0.25,1.0,0.7106888942873484,0.8518111057126516
answer_accuracy,e5,40,0.79375,0.75,0.21844071542147575,0.03453850972242656,0.0,0.75,1.0,0.25,1.0,0.7238892699928464,0.8636107300071535
answer_accuracy,hybrid_rrf,40,0.79375,0.75,0.21844071542147575,0.03453850972242656,0.0,0.75,1.0,0.25,1.0,0.7238892699928464,0.8636107300071535
