method,domain,query_count,hit@1,hit@3,hit@5,recall@1,recall@3,recall@5,mrr@5,mean_target_rank
bm25,cctv,12,0.8333333333333334,0.9166666666666666,1,0.8333333333333334,0.9166666666666666,1,0.8916666666666667,1.4166666666666667
bm25,product_ac,12,0.9166666666666666,1,1,0.9166666666666666,1,1,0.9444444444444444,1.1666666666666667
bm25,service_ac,16,0.625,0.75,0.8125,0.625,0.75,0.8125,0.6927083333333334,4.1875
e5,cctv,12,0.6666666666666666,0.9166666666666666,0.9166666666666666,0.6666666666666666,0.9166666666666666,0.9166666666666666,0.7916666666666666,2.3333333333333335
e5,product_ac,12,0.5833333333333334,1,1,0.5833333333333334,1,1,0.7638888888888888,1.5833333333333333
e5,service_ac,16,0.6875,0.8125,0.9375,0.6875,0.8125,0.9375,0.7677083333333333,1.9375
hybrid_rrf,cctv,12,0.75,0.9166666666666666,1,0.75,0.9166666666666666,1,0.85,1.5
hybrid_rrf,product_ac,12,0.8333333333333334,1,1,0.8333333333333334,1,1,0.9166666666666666,1.1666666666666667
hybrid_rrf,service_ac,16,0.625,0.8125,0.8125,0.625,0.8125,0.8125,0.7083333333333334,2.375
